1790359130.307,0,0,0
1790359131.307,462,8334,0
1790359132.308,0,0,0
1790359133.308,0,0,0
1790359134.308,0,0,0
1790359135.309,0,0,0
1790359136.309,0,0,0
1790359137.309,0,0,0
1790359138.310,0,0,0
1790359139.310,0,0,0
1790359140.310,0,0,0
1790359141.311,16412,260,0
1790359142.311,0,0,0
1790359143.311,0,0,0
1790359144.312,0,0,0
1790359145.312,0,0,0
1790359146.312,0,0,0
1790359147.313,0,0,0
1790359148.313,0,0,0
1790359149.314,0,0,0
1790359150.314,0,0,0
1790359151.314,0,0,0
1790359152.314,0,0,0
1790359153.315,205805,390,0
1790359154.315,0,0,0
1790359155.316,0,0,0
1790359156.316,0,0,0
1790359157.316,0,0,0
1790359158.317,0,0,0
1790359159.317,0,0,0
1790359160.317,16412,260,0
1790359161.317,0,0,0
1790359162.318,0,0,0
1790359163.318,0,0,0
1790359164.318,0,0,0
1790359165.319,0,0,0
1790359166.319,0,0,0
1790359167.319,205017,390,0
1790359168.320,0,0,0
1790359169.320,0,0,0
1790359170.320,0,0,0
1790359171.321,0,0,0
1790359172.321,0,0,0
1790359173.321,0,0,0
1790359174.321,0,0,0
1790359175.322,0,0,0
1790359176.322,0,0,0
1790359177.322,0,0,0
1790359178.323,0,0,0
1790359179.323,0,0,0
1790359180.323,0,0,0
1790359181.323,0,0,0
1790359182.324,0,0,0
1790359183.324,0,0,0
1790359184.324,0,0,0
1790359185.325,0,0,0
1790359186.325,0,0,0
1790359187.326,0,0,0
1790359188.326,0,0,0
1790359189.326,0,0,0
1790359190.327,0,0,0
1790359191.327,3959,340,0
1790359192.327,0,0,0
1790359193.327,3919,808,0
1790359194.328,11837,2424,0
1790359195.328,3919,808,0
1790359196.329,0,0,0
1790359197.329,0,0,0
1790359198.329,0,0,0
1790359199.330,0,0,0
1790359200.330,0,0,0
1790359201.331,0,0,0
1790359202.331,0,0,0
1790359203.331,0,0,0
1790359204.331,0,0,0
1790359205.332,0,0,0
1790359206.332,0,0,0
1790359207.332,0,0,0
1790359208.333,0,0,0
1790359209.333,0,0,0
1790359210.333,0,0,0
1790359211.334,0,0,0
1790359212.334,0,0,0
1790359213.334,0,0,0
1790359214.335,0,0,0
1790359215.335,0,0,0
1790359216.335,0,0,0
1790359217.336,0,0,0
1790359218.336,0,0,0
1790359219.336,0,0,0
1790359220.337,0,0,0
1790359221.337,0,0,0
1790359222.337,0,0,0
1790359223.337,0,0,0
1790359224.338,0,0,0
1790359225.338,0,0,0
1790359226.338,0,0,0
1790359227.338,0,0,0
1790359228.339,0,0,0
1790359229.339,0,0,0
1790359230.339,0,0,0
1790359231.339,0,0,0
1790359232.340,0,0,0
1790359233.340,0,0,0
1790359234.340,0,0,0
1790359235.341,0,0,0
1790359236.341,0,0,0
1790359237.341,0,0,0
1790359238.341,0,0,0
1790359239.342,0,0,0
1790359240.342,0,0,0
1790359241.342,0,0,0
1790359242.343,0,0,0
1790359243.343,0,0,0
1790359244.343,0,0,0
1790359245.343,0,0,0
1790359246.343,0,0,0
1790359247.344,0,0,0
1790359248.344,0,0,0
1790359249.344,0,0,0
1790359250.344,0,0,0
1790359251.345,0,0,0
1790359252.345,0,0,0
1790359253.346,0,0,0
1790359254.346,0,0,0
1790359255.346,0,0,0
1790359256.347,0,0,0
1790359257.347,0,0,0
1790359258.347,0,0,0
1790359259.348,0,0,0
1790359260.348,0,0,0
1790359261.348,0,0,0
1790359262.349,0,0,0
1790359263.349,0,0,0
1790359264.349,0,0,0
1790359265.350,0,0,0
1790359266.350,0,0,0
1790359267.350,0,0,0
1790359268.351,0,0,0
1790359269.351,0,0,0
1790359270.351,0,0,0
1790359271.352,0,0,0
1790359272.352,0,0,0
1790359273.352,0,0,0
1790359274.352,0,0,0
1790359275.353,0,0,0
1790359276.353,0,0,0
1790359277.353,0,0,0
1790359278.354,0,0,0
1790359279.354,0,0,0
1790359280.354,0,0,0
1790359281.355,0,0,0
1790359282.355,0,0,0
1790359283.355,0,0,0
1790359284.356,0,0,0
1790359285.356,0,0,0
1790359286.356,0,0,0
1790359287.356,0,0,0
1790359288.357,0,0,0
1790359289.357,0,0,0
1790359290.357,0,0,0
1790359291.358,0,0,0
1790359292.358,0,0,0
1790359293.358,0,0,0
1790359294.359,0,0,0
1790359295.359,0,0,0
1790359296.359,0,0,0
1790359297.360,0,0,0
1790359298.360,0,0,0
1790359299.360,0,0,0
1790359300.360,0,0,0
1790359301.361,0,0,0
1790359302.361,0,0,0
1790359303.362,0,0,0
1790359304.362,0,0,0
1790359305.362,0,0,0
1790359306.363,0,0,0
1790359307.363,0,0,0
1790359308.363,0,0,0
1790359309.364,0,0,0
1790359310.364,0,0,0
1790359311.364,0,0,0
1790359312.364,0,0,0
1790359313.365,0,0,0
1790359314.365,0,0,0
1790359315.365,0,0,0
1790359316.365,0,0,0
1790359317.366,0,0,0
1790359318.366,0,0,0
1790359319.366,0,0,0
1790359320.367,0,0,0
1790359321.367,0,0,0
1790359322.367,0,0,0
1790359323.368,0,0,0
1790359324.369,0,0,0
1790359325.369,0,0,0
1790359326.370,0,0,0
1790359327.370,0,0,0
1790359328.370,0,0,0
1790359329.371,0,0,0
1790359330.372,0,0,0
1790359331.372,0,0,0
1790359332.373,0,0,0
1790359333.373,0,0,0
1790359334.374,0,0,0
1790359335.374,0,0,0
1790359336.374,0,0,0
1790359337.374,0,0,0
1790359338.375,0,0,0
1790359339.375,0,0,0
1790359340.376,0,0,0
1790359341.376,0,0,0
1790359342.376,0,0,0
1790359343.377,0,0,0
1790359344.377,0,0,0
1790359345.377,0,0,0
1790359346.378,0,0,0
1790359347.378,0,0,0
1790359348.378,0,0,0
1790359349.379,0,0,0
1790359350.379,0,0,0
1790359351.379,0,0,0
1790359352.380,0,0,0
1790359353.380,0,0,0
1790359354.380,0,0,0
1790359355.381,0,0,0
1790359356.381,0,0,0
1790359357.381,0,0,0
1790359358.382,0,0,0
1790359359.382,0,0,0
1790359360.382,0,0,0
1790359361.382,0,0,0
1790359362.383,0,0,0
1790359363.383,0,0,0
1790359364.383,0,0,0
1790359365.383,0,0,0
1790359366.384,0,0,0
1790359367.384,0,0,0
1790359368.384,0,0,0
1790359369.385,0,0,0
1790359370.385,0,0,0
1790359371.385,0,0,0
1790359372.386,0,0,0
1790359373.386,0,0,0
1790359374.386,0,0,0
1790359375.387,0,0,0
1790359376.387,0,0,0
1790359377.387,0,0,0
1790359378.388,0,0,0
1790359379.388,0,0,0
1790359380.388,0,0,0
1790359381.388,0,0,0
1790359382.389,0,0,0
1790359383.389,0,0,0
1790359384.389,0,0,0
1790359385.389,0,0,0
1790359386.390,0,0,0
1790359387.390,0,0,0
1790359388.391,0,0,0
1790359389.391,0,0,0
1790359390.391,0,0,0
1790359391.392,0,0,0
1790359392.392,0,0,0
1790359393.392,0,0,0
1790359394.392,0,0,0
1790359395.393,0,0,0
1790359396.393,0,0,0
1790359397.393,0,0,0
1790359398.393,0,0,0
1790359399.394,0,0,0
1790359400.394,0,0,0
1790359401.394,0,0,0
1790359402.395,0,0,0
1790359403.395,0,0,0
1790359404.395,0,0,0
1790359405.395,0,0,0
1790359406.396,0,0,0
1790359407.396,0,0,0
1790359408.396,0,0,0
1790359409.396,0,0,0
1790359410.397,0,0,0
1790359411.397,0,0,0
1790359412.397,0,0,0
1790359413.398,0,0,0
1790359414.398,0,0,0
1790359415.398,0,0,0
1790359416.398,0,0,0
1790359417.399,0,0,0
1790359418.399,0,0,0
1790359419.399,0,0,0
1790359420.400,0,0,0
1790359421.400,0,0,0
1790359422.400,0,0,0
1790359423.401,0,0,0
1790359424.401,0,0,0
1790359425.401,0,0,0
1790359426.402,0,0,0
1790359427.402,0,0,0
1790359428.402,0,0,0
1790359429.402,0,0,0
1790359430.403,0,0,0
1790359431.403,0,0,0
1790359432.403,0,0,0
1790359433.403,0,0,0
1790359434.404,0,0,0
1790359435.404,0,0,0
1790359436.404,0,0,0
1790359437.405,0,0,0
1790359438.405,0,0,0
1790359439.405,0,0,0
1790359440.406,0,0,0
1790359441.406,0,0,0
1790359442.406,0,0,0
1790359443.407,0,0,0
1790359444.407,0,0,0
1790359445.407,0,0,0
1790359446.408,0,0,0
1790359447.408,0,0,0
1790359448.408,0,0,0
1790359449.408,0,0,0
1790359450.409,0,0,0
1790359451.409,0,0,0
1790359452.409,0,0,0
1790359453.410,0,0,0
1790359454.410,0,0,0
1790359455.410,0,0,0
1790359456.411,0,0,0
1790359457.411,0,0,0
1790359458.411,0,0,0
1790359459.411,0,0,0
1790359460.412,0,0,0
1790359461.412,0,0,0
1790359462.412,0,0,0
1790359463.412,0,0,0
1790359464.413,0,0,0
1790359465.413,0,0,0
1790359466.413,0,0,0
1790359467.413,0,0,0
1790359468.414,0,0,0
1790359469.414,0,0,0
1790359470.414,0,0,0
1790359471.415,0,0,0
1790359472.415,0,0,0
1790359473.415,0,0,0
1790359474.416,0,0,0
1790359475.416,0,0,0
1790359476.416,0,0,0
1790359477.416,0,0,0
1790359478.416,0,0,0
1790359479.417,0,0,0
1790359480.417,0,0,0
1790359481.417,0,0,0
1790359482.418,0,0,0
1790359483.418,0,0,0
1790359484.418,0,0,0
1790359485.418,0,0,0
1790359486.419,0,0,0
1790359487.419,0,0,0
1790359488.419,0,0,0
1790359489.420,0,0,0
1790359490.420,0,0,0
1790359491.420,0,0,0
1790359492.421,0,0,0
1790359493.421,0,0,0
1790359494.421,0,0,0
1790359495.421,0,0,0
1790359496.421,0,0,0
1790359497.422,0,0,0
1790359498.422,0,0,0
1790359499.422,0,0,0
1790359500.422,0,0,0
1790359501.423,0,0,0
1790359502.423,0,0,0
1790359503.423,0,0,0
1790359504.423,0,0,0
1790359505.424,0,0,0
1790359506.424,0,0,0
1790359507.424,0,0,0
1790359508.424,0,0,0
1790359509.425,0,0,0
1790359510.425,0,0,0
1790359511.425,0,0,0
1790359512.425,0,0,0
1790359513.426,0,0,0
1790359514.426,0,0,0
1790359515.426,0,0,0
1790359516.426,0,0,0
1790359517.427,0,0,0
1790359518.427,0,0,0
1790359519.427,0,0,0
1790359520.427,0,0,0
1790359521.428,0,0,0
1790359522.428,0,0,0
1790359523.428,0,0,0
1790359524.428,0,0,0
1790359525.429,0,0,0
1790359526.429,0,0,0
1790359527.429,0,0,0
1790359528.429,0,0,0
1790359529.430,0,0,0
1790359530.430,0,0,0
1790359531.430,0,0,0
1790359532.431,0,0,0
1790359533.431,0,0,0
1790359534.431,0,0,0
1790359535.431,0,0,0
1790359536.432,0,0,0
1790359537.432,0,0,0
1790359538.432,0,0,0
1790359539.432,0,0,0
1790359540.433,0,0,0
1790359541.433,0,0,0
1790359542.433,0,0,0
1790359543.434,0,0,0
1790359544.434,0,0,0
1790359545.434,0,0,0
1790359546.435,0,0,0
1790359547.435,0,0,0
1790359548.435,0,0,0
1790359549.436,0,0,0
1790359550.436,0,0,0
1790359551.436,0,0,0
1790359552.436,0,0,0
1790359553.437,0,0,0
1790359554.437,0,0,0
1790359555.437,0,0,0
1790359556.437,0,0,0
1790359557.438,0,0,0
1790359558.438,0,0,0
1790359559.438,0,0,0
1790359560.439,0,0,0
1790359561.439,0,0,0
1790359562.439,0,0,0
1790359563.440,0,0,0
1790359564.440,0,0,0
1790359565.440,0,0,0
1790359566.440,0,0,0
1790359567.441,0,0,0
1790359568.441,0,0,0
1790359569.441,0,0,0
1790359570.441,0,0,0
1790359571.442,0,0,0
1790359572.442,0,0,0
1790359573.442,0,0,0
1790359574.443,0,0,0
1790359575.443,0,0,0
1790359576.444,0,0,0
1790359577.444,0,0,0
1790359578.444,0,0,0
1790359579.444,0,0,0
1790359580.445,0,0,0
1790359581.445,0,0,0
1790359582.445,0,0,0
1790359583.446,0,0,0
1790359584.446,0,0,0
1790359585.446,0,0,0
1790359586.447,0,0,0
1790359587.447,0,0,0
1790359588.447,0,0,0
1790359589.447,0,0,0
1790359590.448,0,0,0
1790359591.448,0,0,0
1790359592.448,0,0,0
1790359593.448,0,0,0
1790359594.449,0,0,0
1790359595.449,0,0,0
1790359596.449,0,0,0
1790359597.449,0,0,0
1790359598.450,0,0,0
1790359599.450,0,0,0
1790359600.450,0,0,0
1790359601.450,0,0,0
1790359602.451,0,0,0
1790359603.451,0,0,0
1790359604.451,0,0,0
1790359605.452,0,0,0
1790359606.452,0,0,0
1790359607.452,0,0,0
1790359608.452,0,0,0
1790359609.452,0,0,0
1790359610.453,0,0,0
1790359611.453,0,0,0
1790359612.453,0,0,0
1790359613.453,0,0,0
1790359614.454,0,0,0
1790359615.454,0,0,0
1790359616.454,0,0,0
1790359617.454,0,0,0
1790359618.455,0,0,0
1790359619.455,0,0,0
1790359620.455,0,0,0
1790359621.456,0,0,0
1790359622.456,0,0,0
1790359623.456,0,0,0
1790359624.457,0,0,0
1790359625.457,0,0,0
1790359626.457,0,0,0
1790359627.457,0,0,0
1790359628.458,0,0,0
1790359629.458,0,0,0
1790359630.458,0,0,0
1790359631.458,0,0,0
1790359632.459,0,0,0
1790359633.459,0,0,0
1790359634.459,0,0,0
1790359635.460,0,0,0
1790359636.460,0,0,0
1790359637.460,0,0,0
1790359638.460,0,0,0
1790359639.461,0,0,0
1790359640.461,0,0,0
1790359641.461,0,0,0
1790359642.462,0,0,0
1790359643.462,0,0,0
1790359644.462,0,0,0
1790359645.463,0,0,0
1790359646.463,0,0,0
1790359647.463,0,0,0
1790359648.463,0,0,0
1790359649.464,0,0,0
1790359650.464,0,0,0
1790359651.464,0,0,0
1790359652.465,0,0,0
1790359653.465,0,0,0
1790359654.465,0,0,0
1790359655.465,0,0,0
1790359656.466,0,0,0
1790359657.466,0,0,0
1790359658.466,0,0,0
1790359659.467,0,0,0
1790359660.467,0,0,0
1790359661.467,0,0,0
1790359662.468,0,0,0
1790359663.468,0,0,0
1790359664.468,0,0,0
1790359665.469,0,0,0
1790359666.469,0,0,0
1790359667.469,0,0,0
1790359668.470,0,0,0
1790359669.470,0,0,0
1790359670.470,0,0,0
1790359671.471,0,0,0
1790359672.471,0,0,0
1790359673.471,0,0,0
1790359674.472,0,0,0
1790359675.472,0,0,0
1790359676.472,0,0,0
1790359677.473,0,0,0
1790359678.473,0,0,0
1790359679.473,0,0,0
1790359680.474,0,0,0
1790359681.474,0,0,0
1790359682.474,0,0,0
1790359683.475,0,0,0
1790359684.475,0,0,0
1790359685.476,0,0,0
1790359686.476,0,0,0
1790359687.476,0,0,0
1790359688.477,0,0,0
1790359689.477,0,0,0
1790359690.477,0,0,0
1790359691.478,0,0,0
1790359692.478,0,0,0
1790359693.478,0,0,0
1790359694.479,0,0,0
1790359695.479,0,0,0
1790359696.480,0,0,0
1790359697.480,0,0,0
1790359698.480,0,0,0
1790359699.481,0,0,0
1790359700.481,0,0,0
1790359701.481,0,0,0
1790359702.482,0,0,0
1790359703.482,0,0,0
1790359704.482,0,0,0
1790359705.483,0,0,0
1790359706.484,0,0,0
1790359707.484,0,0,0
1790359708.484,0,0,0
1790359709.485,0,0,0
1790359710.485,0,0,0
1790359711.485,0,0,0
1790359712.486,0,0,0
1790359713.486,0,0,0
1790359714.486,0,0,0
1790359715.486,0,0,0
1790359716.487,0,0,0
1790359717.487,0,0,0
1790359718.487,0,0,0
1790359719.488,0,0,0
1790359720.488,0,0,0
1790359721.488,0,0,0
1790359722.488,0,0,0
1790359723.489,0,0,0
1790359724.489,0,0,0
1790359725.489,0,0,0
1790359726.490,0,0,0
1790359727.490,0,0,0
1790359728.490,0,0,0
1790359729.491,0,0,0
1790359730.491,0,0,0
1790359731.491,0,0,0
1790359732.491,0,0,0
1790359733.492,0,0,0
1790359734.492,0,0,0
1790359735.492,0,0,0
1790359736.493,0,0,0
1790359737.493,0,0,0
1790359738.493,0,0,0
1790359739.494,0,0,0
1790359740.494,0,0,0
1790359741.494,0,0,0
1790359742.495,0,0,0
1790359743.495,0,0,0
1790359744.495,0,0,0
1790359745.496,0,0,0
1790359746.496,0,0,0
1790359747.496,0,0,0
1790359748.497,0,0,0
1790359749.497,0,0,0
1790359750.497,0,0,0
1790359751.497,0,0,0
1790359752.498,0,0,0
1790359753.498,0,0,0
1790359754.498,0,0,0
1790359755.499,0,0,0
1790359756.499,0,0,0
1790359757.499,0,0,0
1790359758.500,0,0,0
1790359759.500,0,0,0
1790359760.500,0,0,0
1790359761.501,0,0,0
1790359762.501,0,0,0
1790359763.501,0,0,0
1790359764.502,0,0,0
1790359765.502,0,0,0
1790359766.502,0,0,0
1790359767.503,0,0,0
1790359768.503,0,0,0
1790359769.503,0,0,0
1790359770.504,0,0,0
1790359771.504,0,0,0
1790359772.505,0,0,0
1790359773.505,0,0,0
1790359774.505,0,0,0
1790359775.505,0,0,0
1790359776.506,0,0,0
1790359777.506,0,0,0
1790359778.506,0,0,0
1790359779.507,0,0,0
1790359780.507,0,0,0
1790359781.507,0,0,0
1790359782.507,0,0,0
1790359783.508,0,0,0
1790359784.508,0,0,0
1790359785.509,0,0,0
1790359786.509,0,0,0
1790359787.509,0,0,0
1790359788.509,0,0,0
1790359789.510,0,0,0
1790359790.510,0,0,0
1790359791.510,0,0,0
1790359792.511,0,0,0
1790359793.511,0,0,0
1790359794.511,0,0,0
1790359795.512,0,0,0
1790359796.512,0,0,0
1790359797.512,0,0,0
1790359798.512,0,0,0
1790359799.513,0,0,0
1790359800.513,0,0,0
1790359801.513,0,0,0
1790359802.514,0,0,0
1790359803.514,0,0,0
1790359804.514,0,0,0
1790359805.515,0,0,0
1790359806.515,0,0,0
1790359807.515,0,0,0
1790359808.515,0,0,0
1790359809.516,0,0,0
1790359810.516,0,0,0
1790359811.516,0,0,0
1790359812.517,0,0,0
1790359813.517,0,0,0
1790359814.517,0,0,0
1790359815.517,0,0,0
1790359816.518,0,0,0
1790359817.518,0,0,0
1790359818.518,0,0,0
1790359819.518,0,0,0
1790359820.519,0,0,0
1790359821.519,0,0,0
1790359822.519,0,0,0
1790359823.519,0,0,0
1790359824.520,0,0,0
1790359825.520,0,0,0
1790359826.520,0,0,0
1790359827.520,0,0,0
1790359828.521,0,0,0
1790359829.521,0,0,0
1790359830.521,0,0,0
1790359831.522,0,0,0
1790359832.522,0,0,0
1790359833.522,0,0,0
1790359834.522,0,0,0
1790359835.523,0,0,0
1790359836.523,0,0,0
1790359837.523,0,0,0
1790359838.523,0,0,0
1790359839.524,0,0,0
1790359840.524,0,0,0
1790359841.524,0,0,0
1790359842.524,0,0,0
1790359843.525,0,0,0
1790359844.525,0,0,0
1790359845.525,0,0,0
1790359846.525,0,0,0
1790359847.526,0,0,0
1790359848.526,0,0,0
1790359849.526,0,0,0
1790359850.527,0,0,0
1790359851.527,0,0,0
1790359852.527,0,0,0
1790359853.527,0,0,0
1790359854.527,0,0,0
1790359855.528,0,0,0
1790359856.528,0,0,0
1790359857.528,0,0,0
1790359858.528,0,0,0
1790359859.529,0,0,0
1790359860.529,0,0,0
1790359861.529,0,0,0
1790359862.529,0,0,0
1790359863.529,0,0,0
1790359864.530,0,0,0
1790359865.530,0,0,0
1790359866.530,0,0,0
1790359867.530,0,0,0
1790359868.531,0,0,0
1790359869.531,0,0,0
1790359870.531,0,0,0
1790359871.531,0,0,0
1790359872.532,0,0,0
1790359873.532,0,0,0
1790359874.532,0,0,0
1790359875.532,0,0,0
1790359876.532,0,0,0
1790359877.533,0,0,0
1790359878.533,0,0,0
1790359879.533,0,0,0
1790359880.533,0,0,0
1790359881.534,0,0,0
1790359882.534,0,0,0
1790359883.534,0,0,0
1790359884.534,0,0,0
1790359885.535,0,0,0
1790359886.535,0,0,0
1790359887.535,0,0,0
1790359888.535,0,0,0
1790359889.536,0,0,0
1790359890.536,0,0,0
1790359891.536,0,0,0
1790359892.536,0,0,0
1790359893.536,0,0,0
1790359894.537,0,0,0
1790359895.537,0,0,0
1790359896.537,0,0,0
1790359897.537,0,0,0
1790359898.538,0,0,0
1790359899.538,0,0,0
1790359900.538,0,0,0
1790359901.539,0,0,0
1790359902.539,0,0,0
1790359903.539,0,0,0
1790359904.539,0,0,0
1790359905.539,0,0,0
1790359906.540,0,0,0
1790359907.540,0,0,0
1790359908.540,0,0,0
1790359909.540,0,0,0
1790359910.541,0,0,0
1790359911.541,0,0,0
1790359912.541,0,0,0
1790359913.541,0,0,0
1790359914.542,0,0,0
1790359915.542,0,0,0
1790359916.542,0,0,0
1790359917.542,0,0,0
1790359918.543,0,0,0
1790359919.543,0,0,0
1790359920.543,0,0,0
1790359921.543,0,0,0
1790359922.544,0,0,0
1790359923.544,0,0,0
1790359924.544,0,0,0
1790359925.544,0,0,0
1790359926.544,0,0,0
1790359927.545,0,0,0
1790359928.545,0,0,0
1790359929.545,0,0,0
1790359930.545,0,0,0
1790359931.546,0,0,0
1790359932.546,0,0,0
1790359933.546,0,0,0
1790359934.546,0,0,0
1790359935.547,0,0,0
1790359936.547,0,0,0
1790359937.547,0,0,0
1790359938.547,0,0,0
1790359939.548,0,0,0
1790359940.548,0,0,0
1790359941.548,0,0,0
1790359942.548,0,0,0
1790359943.549,0,0,0
1790359944.549,0,0,0
1790359945.549,0,0,0
1790359946.549,0,0,0
1790359947.550,0,0,0
1790359948.550,0,0,0
1790359949.550,0,0,0
1790359950.550,0,0,0
1790359951.551,0,0,0
1790359952.551,0,0,0
1790359953.551,0,0,0
1790359954.552,0,0,0
1790359955.552,0,0,0
1790359956.552,0,0,0
1790359957.552,0,0,0
1790359958.553,0,0,0
1790359959.553,0,0,0
1790359960.553,0,0,0
1790359961.553,0,0,0
1790359962.554,0,0,0
1790359963.554,0,0,0
1790359964.554,0,0,0
1790359965.554,0,0,0
1790359966.555,0,0,0
1790359967.555,0,0,0
1790359968.555,0,0,0
1790359969.556,0,0,0
1790359970.556,0,0,0
1790359971.556,0,0,0
1790359972.556,0,0,0
1790359973.557,0,0,0
1790359974.557,0,0,0
1790359975.557,0,0,0
1790359976.557,0,0,0
1790359977.558,0,0,0
1790359978.558,0,0,0
1790359979.558,0,0,0
1790359980.558,0,0,0
1790359981.559,0,0,0
1790359982.559,0,0,0
1790359983.559,0,0,0
1790359984.559,0,0,0
1790359985.560,0,0,0
1790359986.560,0,0,0
1790359987.560,0,0,0
1790359988.560,0,0,0
1790359989.561,0,0,0
1790359990.561,0,0,0
1790359991.561,0,0,0
1790359992.561,0,0,0
1790359993.562,0,0,0
1790359994.562,0,0,0
1790359995.562,0,0,0
1790359996.563,0,0,0
1790359997.563,0,0,0
1790359998.563,0,0,0
1790359999.564,0,0,0
1790360000.564,0,0,0
1790360001.564,0,0,0
1790360002.565,0,0,0
1790360003.565,0,0,0
1790360004.565,0,0,0
1790360005.566,0,0,0
1790360006.566,0,0,0
1790360007.566,0,0,0
1790360008.567,0,0,0
1790360009.567,0,0,0
1790360010.567,0,0,0
1790360011.568,0,0,0
1790360012.568,0,0,0
1790360013.568,0,0,0
1790360014.568,0,0,0
1790360015.569,0,0,0
1790360016.569,0,0,0
1790360017.569,0,0,0
1790360018.570,0,0,0
1790360019.570,0,0,0
1790360020.570,0,0,0
1790360021.570,0,0,0
1790360022.570,0,0,0
1790360023.571,0,0,0
1790360024.571,0,0,0
1790360025.571,0,0,0
1790360026.572,0,0,0
1790360027.572,0,0,0
1790360028.572,0,0,0
1790360029.572,0,0,0
1790360030.573,0,0,0
1790360031.573,0,0,0
1790360032.573,0,0,0
1790360033.573,0,0,0
1790360034.574,0,0,0
1790360035.574,0,0,0
1790360036.574,0,0,0
1790360037.575,0,0,0
1790360038.575,0,0,0
1790360039.575,0,0,0
1790360040.575,0,0,0
1790360041.576,0,0,0
1790360042.576,0,0,0
1790360043.576,0,0,0
1790360044.577,0,0,0
1790360045.577,0,0,0
1790360046.578,0,0,0
1790360047.578,0,0,0
1790360048.578,0,0,0
1790360049.578,0,0,0
1790360050.579,0,0,0
1790360051.579,0,0,0
1790360052.579,0,0,0
1790360053.580,0,0,0
1790360054.580,0,0,0
1790360055.580,0,0,0
1790360056.581,0,0,0
1790360057.581,0,0,0
1790360058.581,0,0,0
1790360059.581,0,0,0
1790360060.582,0,0,0
1790360061.582,0,0,0
1790360062.582,0,0,0
1790360063.583,0,0,0
1790360064.583,0,0,0
1790360065.583,0,0,0
1790360066.584,0,0,0
1790360067.584,0,0,0
1790360068.584,0,0,0
1790360069.585,0,0,0
1790360070.585,0,0,0
1790360071.585,0,0,0
1790360072.585,0,0,0
1790360073.586,0,0,0
1790360074.586,0,0,0
1790360075.586,0,0,0
1790360076.587,0,0,0
1790360077.587,0,0,0
1790360078.587,0,0,0
1790360079.588,0,0,0
1790360080.588,0,0,0
1790360081.588,0,0,0
1790360082.589,0,0,0
1790360083.589,0,0,0
1790360084.589,0,0,0
1790360085.589,0,0,0
1790360086.590,0,0,0
1790360087.590,0,0,0
1790360088.590,0,0,0
1790360089.591,0,0,0
1790360090.591,0,0,0
1790360091.591,0,0,0
1790360092.592,0,0,0
1790360093.592,0,0,0
1790360094.592,0,0,0
1790360095.592,0,0,0
1790360096.593,0,0,0
1790360097.593,0,0,0
1790360098.593,0,0,0
1790360099.594,0,0,0
1790360100.594,0,0,0
1790360101.594,0,0,0
1790360102.594,0,0,0
1790360103.595,0,0,0
1790360104.595,0,0,0
1790360105.595,0,0,0
1790360106.596,0,0,0
1790360107.596,0,0,0
1790360108.596,0,0,0
1790360109.596,0,0,0
1790360110.597,0,0,0
1790360111.597,0,0,0
1790360112.597,0,0,0
1790360113.598,0,0,0
1790360114.598,0,0,0
1790360115.598,0,0,0
1790360116.598,0,0,0
1790360117.599,0,0,0
1790360118.599,0,0,0
1790360119.599,0,0,0
1790360120.599,0,0,0
1790360121.600,0,0,0
1790360122.600,0,0,0
1790360123.600,0,0,0
1790360124.600,0,0,0
1790360125.601,0,0,0
1790360126.601,0,0,0
1790360127.601,0,0,0
1790360128.601,0,0,0
1790360129.602,0,0,0
1790360130.602,0,0,0
1790360131.602,0,0,0
1790360132.602,0,0,0
1790360133.603,0,0,0
1790360134.603,0,0,0
1790360135.603,0,0,0
1790360136.603,0,0,0
1790360137.604,0,0,0
1790360138.604,0,0,0
1790360139.604,0,0,0
1790360140.604,0,0,0
1790360141.605,0,0,0
1790360142.605,0,0,0
1790360143.605,0,0,0
1790360144.606,0,0,0
1790360145.606,0,0,0
1790360146.606,0,0,0
1790360147.607,0,0,0
1790360148.607,0,0,0
1790360149.607,0,0,0
1790360150.607,0,0,0
1790360151.608,0,0,0
1790360152.608,0,0,0
1790360153.608,0,0,0
1790360154.609,0,0,0
1790360155.609,0,0,0
1790360156.609,0,0,0
1790360157.610,0,0,0
1790360158.610,0,0,0
1790360159.610,0,0,0
1790360160.611,0,0,0
1790360161.611,0,0,0
1790360162.611,0,0,0
1790360163.612,0,0,0
1790360164.612,0,0,0
1790360165.612,0,0,0
1790360166.613,0,0,0
1790360167.613,0,0,0
1790360168.613,0,0,0
1790360169.614,0,0,0
1790360170.614,0,0,0
1790360171.614,0,0,0
1790360172.614,0,0,0
1790360173.615,0,0,0
1790360174.615,0,0,0
1790360175.615,0,0,0
1790360176.616,0,0,0
1790360177.616,0,0,0
1790360178.616,0,0,0
1790360179.616,0,0,0
1790360180.617,0,0,0
1790360181.617,0,0,0
1790360182.617,0,0,0
1790360183.618,0,0,0
1790360184.618,0,0,0
1790360185.618,0,0,0
1790360186.618,0,0,0
1790360187.619,0,0,0
1790360188.619,0,0,0
1790360189.619,0,0,0
1790360190.619,0,0,0
1790360191.620,0,0,0
1790360192.620,0,0,0
1790360193.620,0,0,0
1790360194.621,0,0,0
1790360195.621,0,0,0
1790360196.621,0,0,0
1790360197.622,0,0,0
1790360198.622,0,0,0
1790360199.622,0,0,0
1790360200.623,0,0,0
1790360201.623,0,0,0
1790360202.623,0,0,0
1790360203.623,0,0,0
1790360204.624,0,0,0
1790360205.624,0,0,0
1790360206.624,0,0,0
1790360207.625,0,0,0
1790360208.625,0,0,0
1790360209.625,0,0,0
1790360210.625,0,0,0
1790360211.626,0,0,0
1790360212.626,0,0,0
1790360213.626,0,0,0
1790360214.626,0,0,0
1790360215.627,0,0,0
1790360216.627,0,0,0
1790360217.628,0,0,0
1790360218.628,0,0,0
1790360219.628,0,0,0
1790360220.628,0,0,0
1790360221.629,0,0,0
1790360222.630,0,0,0
1790360223.631,0,0,0
1790360224.631,0,0,0
1790360225.631,0,0,0
1790360226.632,0,0,0
1790360227.632,0,0,0
1790360228.632,0,0,0
1790360229.633,0,0,0
1790360230.633,0,0,0
1790360231.633,0,0,0
1790360232.634,0,0,0
1790360233.634,0,0,0
1790360234.634,0,0,0
1790360235.635,0,0,0
1790360236.635,0,0,0
1790360237.635,0,0,0
1790360238.636,0,0,0
1790360239.636,0,0,0
1790360240.636,0,0,0
1790360241.636,0,0,0
1790360242.637,0,0,0
1790360243.637,0,0,0
1790360244.637,0,0,0
1790360245.637,0,0,0
1790360246.638,0,0,0
1790360247.638,0,0,0
1790360248.638,0,0,0
1790360249.639,0,0,0
1790360250.639,0,0,0
1790360251.639,0,0,0
1790360252.639,0,0,0
1790360253.640,0,0,0
1790360254.640,0,0,0
1790360255.640,0,0,0
1790360256.641,0,0,0
1790360257.641,0,0,0
1790360258.641,0,0,0
1790360259.642,0,0,0
1790360260.642,0,0,0
1790360261.642,0,0,0
1790360262.642,0,0,0
1790360263.643,0,0,0
1790360264.643,0,0,0
1790360265.643,0,0,0
1790360266.643,0,0,0
1790360267.644,0,0,0
1790360268.644,0,0,0
1790360269.644,0,0,0
1790360270.644,0,0,0
1790360271.645,0,0,0
1790360272.645,0,0,0
1790360273.645,0,0,0
1790360274.646,0,0,0
1790360275.646,0,0,0
1790360276.646,0,0,0
1790360277.646,0,0,0
1790360278.647,0,0,0
1790360279.647,0,0,0
1790360280.647,0,0,0
1790360281.648,0,0,0
1790360282.648,0,0,0
1790360283.648,0,0,0
1790360284.648,0,0,0
1790360285.649,0,0,0
1790360286.649,0,0,0
1790360287.649,0,0,0
1790360288.650,0,0,0
1790360289.650,0,0,0
1790360290.650,0,0,0
1790360291.651,0,0,0
1790360292.651,0,0,0
1790360293.651,0,0,0
1790360294.651,0,0,0
1790360295.652,0,0,0
1790360296.652,0,0,0
1790360297.652,0,0,0
1790360298.652,0,0,0
1790360299.653,0,0,0
1790360300.653,0,0,0
1790360301.653,0,0,0
1790360302.653,0,0,0
1790360303.653,0,0,0
1790360304.654,0,0,0
1790360305.654,0,0,0
1790360306.654,0,0,0
1790360307.654,0,0,0
1790360308.655,0,0,0
1790360309.655,0,0,0
1790360310.655,0,0,0
1790360311.655,0,0,0
1790360312.656,0,0,0
1790360313.656,0,0,0
1790360314.656,0,0,0
1790360315.656,0,0,0
1790360316.656,0,0,0
1790360317.657,0,0,0
1790360318.657,0,0,0
1790360319.657,0,0,0
1790360320.658,0,0,0
1790360321.658,0,0,0
1790360322.658,0,0,0
1790360323.658,0,0,0
1790360324.659,0,0,0
1790360325.659,0,0,0
1790360326.659,0,0,0
1790360327.659,0,0,0
1790360328.659,0,0,0
1790360329.660,0,0,0
1790360330.660,0,0,0
1790360331.660,0,0,0
1790360332.661,0,0,0
1790360333.661,0,0,0
1790360334.661,0,0,0
1790360335.661,0,0,0
1790360336.662,0,0,0
1790360337.662,0,0,0
1790360338.662,0,0,0
1790360339.663,0,0,0
1790360340.663,0,0,0
1790360341.663,0,0,0
1790360342.663,0,0,0
1790360343.664,0,0,0
1790360344.664,0,0,0
1790360345.664,0,0,0
1790360346.664,0,0,0
1790360347.665,0,0,0
1790360348.665,0,0,0
1790360349.665,0,0,0
1790360350.666,0,0,0
1790360351.666,0,0,0
1790360352.666,0,0,0
1790360353.666,0,0,0
1790360354.666,0,0,0
1790360355.667,0,0,0
1790360356.667,0,0,0
1790360357.667,0,0,0
1790360358.668,0,0,0
1790360359.668,0,0,0
1790360360.668,0,0,0
1790360361.669,0,0,0
1790360362.669,0,0,0
1790360363.669,0,0,0
1790360364.669,0,0,0
1790360365.670,0,0,0
1790360366.670,0,0,0
1790360367.670,0,0,0
1790360368.670,0,0,0
1790360369.671,0,0,0
1790360370.671,0,0,0
1790360371.671,0,0,0
1790360372.671,0,0,0
1790360373.672,0,0,0
1790360374.672,0,0,0
1790360375.672,0,0,0
1790360376.672,0,0,0
1790360377.672,0,0,0
1790360378.673,0,0,0
1790360379.673,0,0,0
1790360380.673,0,0,0
1790360381.673,0,0,0
1790360382.674,0,0,0
1790360383.674,0,0,0
1790360384.674,0,0,0
1790360385.675,0,0,0
1790360386.675,0,0,0
1790360387.675,0,0,0
1790360388.675,0,0,0
1790360389.676,0,0,0
1790360390.676,0,0,0
1790360391.676,0,0,0
1790360392.676,0,0,0
1790360393.677,0,0,0
1790360394.677,0,0,0
1790360395.677,0,0,0
1790360396.677,0,0,0
1790360397.678,0,0,0
1790360398.678,0,0,0
1790360399.678,0,0,0
1790360400.678,0,0,0
1790360401.678,0,0,0
1790360402.679,0,0,0
1790360403.679,0,0,0
1790360404.679,0,0,0
1790360405.680,0,0,0
1790360406.680,0,0,0
1790360407.680,0,0,0
1790360408.680,0,0,0
1790360409.681,0,0,0
1790360410.681,0,0,0
1790360411.681,0,0,0
1790360412.681,0,0,0
1790360413.682,0,0,0
1790360414.682,0,0,0
1790360415.682,0,0,0
1790360416.683,0,0,0
1790360417.683,0,0,0
1790360418.683,0,0,0
1790360419.683,0,0,0
1790360420.683,0,0,0
1790360421.684,0,0,0
1790360422.684,0,0,0
1790360423.684,0,0,0
1790360424.684,0,0,0
1790360425.684,0,0,0
1790360426.685,0,0,0
1790360427.685,0,0,0
1790360428.685,0,0,0
1790360429.685,0,0,0
1790360430.686,0,0,0
1790360431.686,0,0,0
1790360432.686,0,0,0
1790360433.686,0,0,0
1790360434.687,0,0,0
1790360435.687,0,0,0
1790360436.687,0,0,0
1790360437.687,0,0,0
1790360438.688,0,0,0
1790360439.688,0,0,0
1790360440.688,0,0,0
1790360441.688,0,0,0
1790360442.689,0,0,0
1790360443.689,0,0,0
1790360444.689,0,0,0
1790360445.689,0,0,0
1790360446.690,0,0,0
1790360447.690,0,0,0
1790360448.690,0,0,0
1790360449.690,0,0,0
1790360450.690,0,0,0
1790360451.691,0,0,0
1790360452.691,0,0,0
1790360453.691,0,0,0
1790360454.691,0,0,0
1790360455.692,0,0,0
1790360456.692,0,0,0
1790360457.692,0,0,0
1790360458.692,0,0,0
1790360459.693,0,0,0
1790360460.693,0,0,0
1790360461.693,0,0,0
1790360462.693,0,0,0
1790360463.694,0,0,0
1790360464.694,0,0,0
1790360465.695,0,0,0
1790360466.695,0,0,0
1790360467.695,0,0,0
1790360468.695,0,0,0
1790360469.696,0,0,0
1790360470.696,0,0,0
1790360471.697,0,0,0
1790360472.698,0,0,0
1790360473.698,0,0,0
1790360474.698,0,0,0
1790360475.699,0,0,0
1790360476.699,0,0,0
1790360477.699,0,0,0
1790360478.699,0,0,0
1790360479.700,0,0,0
1790360480.700,0,0,0
1790360481.700,0,0,0
1790360482.701,0,0,0
1790360483.701,0,0,0
1790360484.701,0,0,0
1790360485.702,0,0,0
1790360486.702,0,0,0
1790360487.702,0,0,0
1790360488.703,0,0,0
1790360489.703,0,0,0
1790360490.703,0,0,0
1790360491.704,0,0,0
1790360492.704,0,0,0
1790360493.704,0,0,0
1790360494.705,0,0,0
1790360495.705,0,0,0
1790360496.705,0,0,0
1790360497.705,0,0,0
1790360498.706,0,0,0
1790360499.706,0,0,0
1790360500.706,0,0,0
1790360501.706,0,0,0
1790360502.707,0,0,0
1790360503.707,0,0,0
1790360504.707,0,0,0
1790360505.708,0,0,0
1790360506.708,0,0,0
1790360507.708,0,0,0
1790360508.708,0,0,0
1790360509.708,0,0,0
1790360510.709,0,0,0
1790360511.709,0,0,0
1790360512.709,0,0,0
1790360513.710,0,0,0
1790360514.710,0,0,0
1790360515.710,0,0,0
1790360516.710,0,0,0
1790360517.711,0,0,0
1790360518.711,0,0,0
1790360519.711,0,0,0
1790360520.711,0,0,0
1790360521.712,0,0,0
1790360522.712,0,0,0
1790360523.712,0,0,0
1790360524.712,0,0,0
1790360525.713,0,0,0
1790360526.713,0,0,0
1790360527.713,0,0,0
1790360528.713,0,0,0
1790360529.714,0,0,0
1790360530.714,0,0,0
1790360531.714,0,0,0
1790360532.714,0,0,0
1790360533.715,0,0,0
1790360534.715,0,0,0
1790360535.715,0,0,0
1790360536.715,0,0,0
1790360537.716,0,0,0
1790360538.716,0,0,0
1790360539.716,0,0,0
1790360540.716,0,0,0
1790360541.717,0,0,0
1790360542.717,0,0,0
1790360543.717,0,0,0
1790360544.717,0,0,0
1790360545.718,0,0,0
1790360546.718,0,0,0
1790360547.718,0,0,0
1790360548.718,0,0,0
1790360549.719,0,0,0
1790360550.719,0,0,0
1790360551.719,0,0,0
1790360552.719,0,0,0
1790360553.720,0,0,0
1790360554.720,0,0,0
1790360555.720,0,0,0
1790360556.720,0,0,0
1790360557.721,0,0,0
1790360558.721,0,0,0
1790360559.721,0,0,0
1790360560.721,0,0,0
1790360561.721,0,0,0
1790360562.722,0,0,0
1790360563.722,0,0,0
1790360564.722,0,0,0
1790360565.722,0,0,0
1790360566.723,0,0,0
1790360567.723,0,0,0
1790360568.723,0,0,0
1790360569.723,0,0,0
1790360570.724,0,0,0
1790360571.724,0,0,0
1790360572.724,0,0,0
1790360573.725,0,0,0
1790360574.725,0,0,0
1790360575.725,0,0,0
1790360576.725,0,0,0
1790360577.726,0,0,0
1790360578.726,0,0,0
1790360579.726,0,0,0
1790360580.726,0,0,0
1790360581.727,0,0,0
1790360582.727,0,0,0
1790360583.727,0,0,0
1790360584.727,0,0,0
1790360585.728,0,0,0
1790360586.728,0,0,0
1790360587.728,0,0,0
1790360588.728,0,0,0
1790360589.729,0,0,0
1790360590.729,0,0,0
1790360591.729,0,0,0
1790360592.730,0,0,0
1790360593.730,0,0,0
1790360594.730,0,0,0
1790360595.731,0,0,0
1790360596.731,0,0,0
1790360597.731,0,0,0
1790360598.732,0,0,0
1790360599.732,0,0,0
1790360600.732,0,0,0
1790360601.732,0,0,0
1790360602.733,0,0,0
1790360603.733,0,0,0
1790360604.733,0,0,0
1790360605.733,0,0,0
1790360606.734,0,0,0
1790360607.734,0,0,0
1790360608.734,0,0,0
1790360609.734,0,0,0
1790360610.735,0,0,0
1790360611.735,0,0,0
1790360612.735,0,0,0
1790360613.736,0,0,0
1790360614.736,0,0,0
1790360615.736,0,0,0
1790360616.736,0,0,0
1790360617.737,0,0,0
1790360618.737,0,0,0
1790360619.737,0,0,0
1790360620.737,0,0,0
1790360621.738,0,0,0
1790360622.738,0,0,0
1790360623.738,0,0,0
1790360624.738,0,0,0
1790360625.739,0,0,0
1790360626.739,0,0,0
1790360627.739,0,0,0
1790360628.739,0,0,0
1790360629.740,0,0,0
1790360630.740,0,0,0
1790360631.740,0,0,0
1790360632.740,0,0,0
1790360633.741,0,0,0
1790360634.741,0,0,0
1790360635.741,0,0,0
1790360636.741,0,0,0
1790360637.742,0,0,0
1790360638.742,0,0,0
1790360639.742,0,0,0
1790360640.743,0,0,0
1790360641.743,0,0,0
1790360642.743,0,0,0
1790360643.743,0,0,0
1790360644.744,0,0,0
1790360645.744,0,0,0
1790360646.744,0,0,0
1790360647.745,0,0,0
1790360648.745,0,0,0
1790360649.745,0,0,0
1790360650.745,0,0,0
1790360651.746,0,0,0
1790360652.746,0,0,0
1790360653.746,0,0,0
1790360654.747,0,0,0
1790360655.747,0,0,0
1790360656.747,0,0,0
1790360657.747,0,0,0
1790360658.748,0,0,0
1790360659.748,0,0,0
1790360660.748,0,0,0
1790360661.748,0,0,0
1790360662.749,0,0,0
1790360663.749,0,0,0
1790360664.749,0,0,0
1790360665.749,0,0,0
1790360666.750,0,0,0
1790360667.750,0,0,0
1790360668.750,0,0,0
1790360669.751,0,0,0
1790360670.751,0,0,0
1790360671.751,0,0,0
1790360672.752,0,0,0
1790360673.752,0,0,0
1790360674.752,0,0,0
1790360675.752,0,0,0
1790360676.753,0,0,0
1790360677.753,0,0,0
1790360678.753,0,0,0
1790360679.753,0,0,0
1790360680.754,0,0,0
1790360681.754,0,0,0
1790360682.754,0,0,0
1790360683.754,0,0,0
1790360684.755,0,0,0
1790360685.755,0,0,0
1790360686.755,0,0,0
1790360687.756,0,0,0
1790360688.756,0,0,0
1790360689.756,0,0,0
1790360690.756,0,0,0
1790360691.757,0,0,0
1790360692.757,0,0,0
1790360693.757,0,0,0
1790360694.757,0,0,0
1790360695.757,0,0,0
1790360696.758,0,0,0
1790360697.758,0,0,0
1790360698.758,0,0,0
1790360699.759,0,0,0
1790360700.759,0,0,0
1790360701.759,0,0,0
1790360702.759,0,0,0
1790360703.760,0,0,0
1790360704.760,0,0,0
1790360705.760,0,0,0
1790360706.760,0,0,0
1790360707.761,0,0,0
1790360708.761,0,0,0
1790360709.761,0,0,0
1790360710.761,0,0,0
1790360711.762,0,0,0
1790360712.762,0,0,0
1790360713.762,0,0,0
1790360714.762,0,0,0
1790360715.763,0,0,0
1790360716.763,0,0,0
1790360717.763,0,0,0
1790360718.763,0,0,0
1790360719.764,0,0,0
1790360720.764,0,0,0
1790360721.764,0,0,0
1790360722.765,0,0,0
1790360723.765,0,0,0
1790360724.765,0,0,0
1790360725.765,0,0,0
1790360726.766,0,0,0
1790360727.766,0,0,0
1790360728.766,0,0,0
1790360729.767,0,0,0
1790360730.767,0,0,0
1790360731.767,0,0,0
1790360732.767,0,0,0
1790360733.768,0,0,0
1790360734.768,0,0,0
1790360735.768,0,0,0
1790360736.768,0,0,0
1790360737.769,0,0,0
1790360738.769,0,0,0
1790360739.769,0,0,0
1790360740.769,0,0,0
1790360741.770,0,0,0
1790360742.770,0,0,0
1790360743.770,0,0,0
1790360744.770,0,0,0
1790360745.771,0,0,0
1790360746.771,0,0,0
1790360747.771,0,0,0
1790360748.771,0,0,0
1790360749.772,0,0,0
1790360750.772,0,0,0
1790360751.772,0,0,0
1790360752.772,0,0,0
1790360753.773,0,0,0
1790360754.773,0,0,0
1790360755.773,0,0,0
1790360756.774,0,0,0
1790360757.774,0,0,0
1790360758.774,0,0,0
1790360759.774,0,0,0
1790360760.775,0,0,0
1790360761.775,0,0,0
1790360762.775,0,0,0
1790360763.776,0,0,0
1790360764.776,0,0,0
1790360765.776,0,0,0
1790360766.777,0,0,0
1790360767.777,0,0,0
1790360768.777,0,0,0
1790360769.777,0,0,0
1790360770.778,0,0,0
1790360771.778,0,0,0
1790360772.778,0,0,0
1790360773.779,0,0,0
1790360774.779,0,0,0
1790360775.779,0,0,0
1790360776.780,0,0,0
1790360777.780,0,0,0
1790360778.780,0,0,0
1790360779.781,0,0,0
1790360780.781,0,0,0
1790360781.781,0,0,0
1790360782.782,0,0,0
1790360783.782,0,0,0
1790360784.782,0,0,0
1790360785.782,0,0,0
1790360786.783,0,0,0
1790360787.783,0,0,0
1790360788.783,0,0,0
1790360789.783,0,0,0
1790360790.784,0,0,0
1790360791.784,0,0,0
1790360792.784,0,0,0
1790360793.785,0,0,0
1790360794.785,0,0,0
1790360795.785,0,0,0
1790360796.785,0,0,0
1790360797.786,0,0,0
1790360798.786,0,0,0
1790360799.786,0,0,0
1790360800.787,0,0,0
1790360801.787,0,0,0
1790360802.787,0,0,0
1790360803.788,0,0,0
1790360804.788,0,0,0
1790360805.789,0,0,0
1790360806.789,0,0,0
1790360807.789,0,0,0
1790360808.789,0,0,0
1790360809.790,0,0,0
1790360810.790,0,0,0
1790360811.790,0,0,0
1790360812.790,0,0,0
1790360813.791,0,0,0
1790360814.791,0,0,0
1790360815.791,0,0,0
1790360816.792,0,0,0
1790360817.792,0,0,0
1790360818.792,788,0,0
1790360819.792,0,0,0
1790360820.792,0,0,0
1790360821.793,0,0,0
1790360822.793,0,0,0
1790360823.793,0,0,0
1790360824.794,0,0,0
1790360825.794,0,0,0
1790360826.794,0,0,0
1790360827.795,474,390,0
1790360828.795,785414,0,0
1790360829.795,93762,0,0
1790360830.795,31342,0,0
1790360831.796,62676,0,0
1790360832.796,94021,0,0
1790360833.796,31335,0,0
1790360834.796,62678,0,0
1790360835.797,62678,0,0
1790360836.797,31343,0,0
1790360837.798,62678,0,0
1790360838.798,62678,0,0
1790360839.798,31335,0,0
1790360840.798,102090,3408,0
1790360841.799,106800,938,0
1790360842.799,0,0,0
1790360843.799,38913,808,0
1790360844.800,0,0,0
1790360845.800,0,0,0
1790360846.800,0,0,0
1790360847.800,0,0,0
1790360848.801,1010951,0,0
1790360849.801,0,0,0
1790360850.801,0,0,0
1790360851.801,0,0,0
1790360852.802,297386,938,0
1790360853.802,0,0,0
1790360854.802,0,0,0
1790360855.803,0,0,0
1790360856.803,0,0,0
1790360857.803,0,0,0
1790360858.804,0,0,0
1790360859.804,0,0,0
1790360860.804,0,0,0
1790360861.805,0,0,0
1790360862.805,0,0,0
1790360863.805,0,0,0
1790360864.806,2774,260,0
1790360865.806,0,0,0
1790360866.806,868,390,0
1790360867.806,588266,0,0
1790360868.807,59198,0,0
1790360869.807,29603,0,0
1790360870.807,88801,0,0
1790360871.807,59198,0,0
1790360872.808,29595,0,0
1790360873.808,59198,0,0
1790360874.808,59198,0,0
1790360875.809,29603,0,0
1790360876.809,59198,0,0
1790360877.809,59198,0,0
1790360878.809,29595,0,0
1790360879.810,59198,0,0
1790360880.810,59198,0,0
1790360881.810,29603,0,0
1790360882.810,30777,0,0
1790360883.811,0,0,0
1790360884.811,0,0,0
1790360885.811,1801166,390,0
1790360886.812,2381306,0,0
1790360887.812,2420051,0,0
1790360888.812,2387747,0,0
1790360889.812,2387217,0,0
1790360890.813,2418006,0,0
1790360891.813,2388571,0,0
1790360892.813,2384197,0,0
1790360893.813,2423971,0,0
1790360894.814,2388470,0,0
1790360895.814,2421382,0,0
1790360896.814,2387914,0,0
1790360897.814,2386156,0,0
1790360898.815,2421172,0,0
1790360899.815,2388068,0,0
1790360900.815,1770382,0,0
1790360901.815,0,0,0
1790360902.816,0,0,0
1790360903.816,1591944,390,0
1790360904.816,3019173,0,0
1790360905.817,2874561,0,0
1790360906.817,2837409,0,0
1790360907.817,2873583,0,0
1790360908.817,2832307,0,0
1790360909.818,2878127,0,0
1790360910.818,2839028,0,0
1790360911.818,2894525,0,0
1790360912.818,3156422,0,0
1790360913.819,3120051,0,0
1790360914.819,2938788,0,0
1790360915.819,2852462,0,0
1790360916.819,2898303,0,0
1790360917.820,2857634,0,0
1790360918.820,2894602,0,0
1790360919.820,2855769,0,0
1790360920.820,2955970,0,0
1790360921.821,3031615,0,0
1790360922.821,2958775,0,0
1790360923.821,2874777,0,0
1790360924.821,2877891,0,0
1790360925.822,2919899,0,0
1790360926.822,2871063,0,0
1790360927.822,2919194,0,0
1790360928.822,2885947,0,0
1790360929.823,2995793,0,0
1790360930.823,3047711,0,0
1790360931.823,2882426,0,0
1790360932.824,2926309,0,0
1790360933.824,2876669,0,0
1790360934.824,2926304,0,0
1790360935.825,44741,0,0
1790360936.825,0,0,0
1790360937.825,716994,390,0
1790360938.826,2384613,0,0
1790360939.826,2389041,0,0
1790360940.826,2421242,0,0
1790360941.826,2385515,0,0
1790360942.827,2388383,0,0
1790360943.827,2420885,2424,0
1790360944.827,2410326,0,10000000
1790360945.828,1266895,0,10000000
1790360946.828,1250607,0,10000000
1790360947.828,1250309,0,10000000
1790360948.828,1249710,0,10000000
1790360949.829,1251301,0,10000000
1790360950.829,1250261,0,10000000
1790360951.829,1249406,0,10000000
1790360952.829,1251030,0,10000000
1790360953.830,1250188,0,10000000
1790360954.830,1249912,0,10000000
1790360955.830,1251005,0,10000000
1790360956.830,1250177,0,10000000
1790360957.831,1249868,0,10000000
1790360958.831,1250286,0,10000000
1790360959.831,1250731,0,10000000
1790360960.831,1249712,0,10000000
1790360961.832,1250332,0,10000000
1790360962.832,1250657,0,10000000
1790360963.832,1250783,0,10000000
1790360964.832,1249972,0,10000000
1790360965.833,1249823,0,10000000
1790360966.833,1250513,0,10000000
1790360967.833,1250142,0,10000000
1790360968.833,1251190,0,10000000
1790360969.834,1249424,0,10000000
1790360970.834,1250690,0,10000000
1790360971.834,1250730,0,10000000
1790360972.834,1250156,0,10000000
1790360973.834,1250033,0,10000000
1790360974.835,1250444,808,10000000
1790360975.835,1250626,0,10000000
1790360976.835,1249244,0,10000000
1790360977.835,1250580,0,10000000
1790360978.836,1250495,0,10000000
1790360979.836,1250446,0,10000000
1790360980.836,1250325,0,10000000
1790360981.836,1250322,0,10000000
1790360982.836,1250294,0,10000000
1790360983.837,1249545,0,10000000
1790360984.837,1250455,0,10000000
1790360985.837,1250568,0,10000000
1790360986.837,1250489,0,10000000
1790360987.837,1250342,0,10000000
1790360988.838,1249453,0,10000000
1790360989.838,1250273,0,10000000
1790360990.838,1251069,0,10000000
1790360991.838,1249308,0,10000000
1790360992.839,1250264,0,10000000
1790360993.839,1250895,0,10000000
1790360994.839,1250301,0,10000000
1790360995.839,1249713,0,10000000
1790360996.839,1250610,0,10000000
1790360997.840,1250004,0,10000000
1790360998.840,1250221,0,10000000
1790360999.840,1250099,0,10000000
1790361000.840,1250733,0,10000000
1790361001.840,1250022,0,10000000
1790361002.841,1250666,808,10000000
1790361003.841,1250924,0,10000000
1790361004.841,1250003,0,10000000
1790361005.842,1249917,0,10000000
1790361006.842,1250962,0,10000000
1790361007.842,1249888,0,10000000
1790361008.842,1250449,0,10000000
1790361009.842,1249689,0,10000000
1790361010.843,1250399,0,10000000
1790361011.843,1250556,0,10000000
1790361012.843,1250299,0,10000000
1790361013.843,1249999,0,10000000
1790361014.844,1250674,0,10000000
1790361015.844,1250290,0,10000000
1790361016.844,1250257,0,10000000
1790361017.844,1249976,0,10000000
1790361018.845,1250464,0,10000000
1790361019.845,1250195,0,10000000
1790361020.845,1250997,0,10000000
1790361021.845,1249654,0,10000000
1790361022.845,1250163,0,10000000
1790361023.846,1250444,0,10000000
1790361024.846,1250340,0,10000000
1790361025.846,1249601,0,10000000
1790361026.846,1250883,0,10000000
1790361027.847,1250264,0,10000000
1790361028.847,1250512,0,10000000
1790361029.847,1249668,0,10000000
1790361030.847,1250611,0,10000000
1790361031.847,1250562,0,10000000
1790361032.848,1250541,0,10000000
1790361033.848,1250009,0,10000000
1790361034.848,1250144,0,10000000
1790361035.848,1250008,0,10000000
1790361036.849,1249847,0,10000000
1790361037.849,1250487,0,10000000
1790361038.849,1250285,0,10000000
1790361039.849,1250622,0,10000000
1790361040.849,1250000,0,10000000
1790361041.850,1250707,0,10000000
1790361042.850,1250080,0,10000000
1790361043.850,1250871,0,10000000
1790361044.850,1249959,0,10000000
1790361045.851,1250210,0,10000000
1790361046.851,1250524,0,10000000
1790361047.851,1250545,0,10000000
1790361048.851,1249450,0,10000000
1790361049.852,1250950,0,10000000
1790361050.852,1250313,0,10000000
1790361051.852,1249831,0,10000000
1790361052.852,1250651,0,10000000
1790361053.852,1250472,0,10000000
1790361054.853,1249690,0,10000000
1790361055.853,1249987,0,10000000
1790361056.853,1251116,0,0
1790361057.853,35848224,0,0
1790361058.854,44310630,0,0
1790361059.854,43385875,0,0
1790361060.854,17162826,0,0
1790361061.855,2440758,0,0
1790361062.855,2407087,0,1000000
1790361063.855,125951,0,1000000
1790361064.856,125211,0,1000000
1790361065.856,125107,0,1000000
1790361066.856,125202,0,1000000
1790361067.856,125196,0,1000000
1790361068.857,125171,0,1000000
1790361069.857,125279,0,1000000
1790361070.858,124176,0,1000000
1790361071.858,125151,0,1000000
1790361072.858,125076,0,1000000
1790361073.858,125426,0,1000000
1790361074.859,125149,0,1000000
1790361075.859,125111,0,1000000
1790361076.859,125108,0,1000000
1790361077.860,124394,0,1000000
1790361078.861,125054,0,1000000
1790361079.861,125128,0,1000000
1790361080.861,125132,0,1000000
1790361081.862,125154,0,1000000
1790361082.862,125060,0,1000000
1790361083.862,125097,0,1000000
1790361084.862,125002,0,1000000
1790361085.863,125119,0,1000000
1790361086.863,125177,0,1000000
1790361087.863,125131,0,1000000
1790361088.864,125198,0,1000000
1790361089.864,124166,0,1000000
1790361090.864,125222,0,1000000
1790361091.864,125236,0,1000000
1790361092.865,125225,808,1000000
1790361093.865,124963,0,1000000
1790361094.865,124963,0,1000000
1790361095.865,125048,0,1000000
1790361096.866,125040,0,1000000
1790361097.866,125113,0,1000000
1790361098.866,124954,0,1000000
1790361099.866,125077,0,1000000
1790361100.866,125004,0,1000000
1790361101.867,125032,0,1000000
1790361102.867,125123,0,1000000
1790361103.867,124938,0,1000000
1790361104.868,125058,0,1000000
1790361105.868,125062,0,1000000
1790361106.868,125017,0,1000000
1790361107.868,125151,0,1000000
1790361108.869,125149,0,1000000
1790361109.869,125122,0,1000000
1790361110.869,124114,0,1000000
1790361111.869,125026,0,1000000
1790361112.870,125020,0,1000000
1790361113.870,125151,0,1000000
1790361114.870,125051,0,1000000
1790361115.870,125060,0,1000000
1790361116.871,125154,0,1000000
1790361117.871,125062,0,1000000
1790361118.871,125119,0,1000000
1790361119.872,125010,0,1000000
1790361120.872,125149,0,1000000
1790361121.872,124968,0,1000000
1790361122.872,124954,0,1000000
1790361123.872,124993,0,1000000
1790361124.873,125060,0,1000000
1790361125.873,125053,0,1000000
1790361126.873,125003,0,1000000
1790361127.873,125084,0,1000000
1790361128.874,125140,0,1000000
1790361129.874,125002,0,1000000
1790361130.874,125108,0,1000000
1790361131.875,125066,0,1000000
1790361132.875,125078,0,1000000
1790361133.875,124976,0,1000000
1790361134.875,125111,0,1000000
1790361135.876,124977,0,1000000
1790361136.876,125008,0,1000000
1790361137.876,125052,0,1000000
1790361138.876,125149,0,1000000
1790361139.877,125115,0,1000000
1790361140.877,125031,0,1000000
1790361141.877,125001,0,1000000
1790361142.877,125101,0,1000000
1790361143.878,125060,0,1000000
1790361144.878,125061,0,1000000
1790361145.878,125053,0,1000000
1790361146.878,124172,0,1000000
1790361147.878,125121,0,1000000
1790361148.879,124973,0,1000000
1790361149.879,125119,0,1000000
1790361150.879,125103,0,1000000
1790361151.879,125168,0,1000000
1790361152.880,125013,0,1000000
1790361153.880,124998,808,1000000
1790361154.880,125082,0,1000000
1790361155.880,125032,0,1000000
1790361156.880,124981,0,1000000
1790361157.881,125049,0,1000000
1790361158.881,125095,0,1000000
1790361159.881,125032,0,1000000
1790361160.881,125075,0,1000000
1790361161.882,125078,0,1000000
1790361162.882,125176,0,1000000
1790361163.882,125022,0,1000000
1790361164.882,125209,0,1000000
1790361165.882,125002,0,1000000
1790361166.883,125011,0,1000000
1790361167.883,124999,0,1000000
1790361168.883,125072,0,1000000
1790361169.883,125037,0,1000000
1790361170.884,125119,0,1000000
1790361171.884,124025,0,1000000
1790361172.884,126041,0,1000000
1790361173.884,124120,0,1000000
1790361174.885,124962,0,1000000
1790361175.885,125023,0,1000000
1790361176.885,125018,0,1000000
1790361177.885,125228,0,1000000
1790361178.886,124971,0,1000000
1790361179.886,125135,0,1000000
1790361180.886,125074,0,1000000
1790361181.887,125052,0,1000000
1790361182.887,125050,0,1000000
1790361183.887,125044,0,1000000
1790361184.887,125111,0,1000000
1790361185.888,125031,0,1000000
1790361186.888,125040,0,1000000
1790361187.888,125022,0,1000000
1790361188.888,125211,0,1000000
1790361189.888,125087,0,1000000
1790361190.889,124970,0,1000000
1790361191.889,125188,0,1000000
1790361192.889,125056,0,1000000
1790361193.889,124983,0,1000000
1790361194.889,125177,0,1000000
1790361195.890,124986,0,1000000
1790361196.890,125082,0,1000000
1790361197.890,125027,0,1000000
1790361198.890,124162,0,1000000
1790361199.891,125110,0,1000000
1790361200.891,125078,0,1000000
1790361201.891,125234,0,1000000
1790361202.892,125110,0,1000000
1790361203.892,125164,0,1000000
1790361204.892,125112,0,1000000
1790361205.892,125205,0,1000000
1790361206.892,125200,0,1000000
1790361207.893,124036,0,1000000
1790361208.893,125034,0,1000000
1790361209.893,125077,0,1000000
1790361210.893,125271,0,1000000
1790361211.894,125044,0,1000000
1790361212.894,125051,0,1000000
1790361213.894,125154,0,0
1790361214.894,36849118,0,0
1790361215.895,43030081,0,0
1790361216.895,44341859,0,0
1790361217.895,43252023,0,0
1790361218.896,41549659,0,0
1790361219.896,43115880,0,0
1790361220.896,45024760,0,0
1790361221.896,45035157,0,0
1790361222.897,24052924,0,0
1790361223.897,2441728,0,0
1790361224.897,2407582,0,0
1790361225.897,2441000,0,0
1790361226.898,2410860,0,0
1790361227.898,2437450,0,0
1790361228.898,2409917,0,0
1790361229.898,2443015,0,0
1790361230.899,1422160,0,0
1790361231.899,0,0,0
1790361232.899,167902,390,0
1790361233.900,0,0,0
1790361234.900,0,0,0
1790361235.901,65183,9648,0
1790361236.901,0,0,0
1790361237.901,0,0,0
1790361238.902,0,0,0
1790361239.902,0,0,0
1790361240.902,0,0,0
1790361241.903,0,0,0
1790361242.903,0,0,0
1790361243.904,0,0,0
1790361244.904,868,0,0
1790361245.904,637349,520,0
1790361246.905,59196,0,0
1790361247.905,29602,0,0
1790361248.905,59196,0,0
1790361249.906,88801,0,0
1790361250.906,29595,0,0
1790361251.907,59198,0,0
1790361252.907,59198,0,0
1790361253.907,29603,0,0
1790361254.908,59198,0,0
1790361255.908,59198,0,0
1790361256.908,29595,0,0
1790361257.909,59198,0,0
1790361258.909,59198,0,0
1790361259.909,29603,0,0
1790361260.910,59198,0,0
1790361261.910,59198,0,0
1790361262.910,5363,0,0
1790361263.910,0,0,0
1790361264.911,0,0,0
1790361265.911,0,0,0
1790361266.911,0,0,0
1790361267.912,0,0,0
1790361268.912,0,0,0
1790361269.912,0,0,0
